{"global_step": 7048, "_timestamp": 1654680551.770396, "Dummy Losses/dummy loss": 1.0, "_runtime": 64397, "_step": 7048, "Success Rate/Success Rate": 0.46000000834465027}