{"global_step": 6998, "_timestamp": 1654680579.4358087, "Dummy Losses/dummy loss": 1.0, "_runtime": 64509, "_step": 6998, "Success Rate/Success Rate": 0.7799999713897705}