{"global_step": 11, "_timestamp": 1657467665.9527197, "Cycle Losses/Actor Loss": 39.601470947265625, "Cycle Losses/Critic Loss": 2.4769089221954346, "_runtime": 114, "_step": 11}