{"global_step": 10, "_timestamp": 1657466996.8811145, "Cycle Losses/Actor Loss": 48.02680587768555, "Cycle Losses/Critic Loss": 6.7964677810668945, "_runtime": 132, "_step": 10}