{"global_step": 48, "_timestamp": 1654680071.0491984, "Cycle Losses/Actor Loss": 21.038217544555664, "Cycle Losses/Critic Loss": 0.10772352665662766, "_runtime": 1456, "_step": 48}