{"global_step": 1, "_timestamp": 1654775044.6535993, "Cycle Losses/Actor Loss": 22.93151092529297, "Cycle Losses/Critic Loss": 7.898473739624023, "_runtime": 186, "_step": 1, "_wandb": {"runtime": 264}}