{"global_step": 48, "_timestamp": 1654680614.836378, "Cycle Losses/Actor Loss": 25.497779846191406, "Cycle Losses/Critic Loss": 0.12400694936513901, "_runtime": 1465, "_step": 48}