{"global_step": 0, "_timestamp": 1654606576.0992074, "Cycle Losses/Actor Loss": 7.425632953643799, "Cycle Losses/Critic Loss": 3.533857822418213, "_runtime": 15, "_step": 0}