{"global_step": 0, "_timestamp": 1654606624.486189, "Cycle Losses/Actor Loss": 5.622323036193848, "Cycle Losses/Critic Loss": 2.2765541076660156, "_runtime": 12, "_step": 0}